adj_polaridade_positiva,pont_repetida,entidade_nomeada,disparadores,expressoes,letras_repetidas,palavras_repetidas,aspas,intensificadores,modificadores,liwc,rotulo,sentenca
0.0,0.0,1.0,1.0,0.0,0.0,0.0,0.0,0.0,0.0,0.5,1.0,Parece estar no Reino da Dinamarca.
0.0,0.0,0.0,1.0,0.0,0.0,0.0,0.0,0.0,0.0,0.5,1.0,"Esta conversa pra jornalista sabonete ouvir, é forçada e manipulada."
0.0,0.0,0.0,1.0,0.0,0.0,0.0,0.0,1.0,1.0,1.0,1.0,"Que coisa mais corrupta, dentro de um novo pacote de amorização, palavra única que traduz envolver num clima de muito amor."
0.0,0.0,1.0,1.0,0.0,0.0,0.0,0.0,0.0,1.0,1.0,1.0,Dilma elogiando o Congresso porque votaram?
0.0,0.0,1.0,1.0,0.0,0.0,0.0,0.0,0.0,0.0,0.0,1.0,pedindo pazes com Temer tipo jardim da infância?
0.0,0.0,0.0,1.0,0.0,0.0,0.0,0.0,0.0,0.0,0.0,1.0,"O problema deste golpe que existe claramente, é que é um golpismo em série, sempre utilizando uma nova manobra ou macete, uma pedalada pode ser, onde cada ato, cada discurso, cada medida contém uma finalidade que leva a manutenção do cargo."
0.0,0.0,1.0,1.0,0.0,1.0,0.0,0.0,0.0,0.0,1.0,1.0,"Aliás, só meia dúzia de gatos pingados da classe média alienada, foram à av paulista e Copacabana fazerem papel de bobos babões."
0.0,0.0,1.0,0.0,0.0,0.0,0.0,0.0,0.0,0.0,0.5,1.0,incompetenta.
0.0,0.0,0.0,1.0,0.0,0.0,0.0,0.0,0.0,1.0,1.0,1.0,Alguém explica pra Pamonha que remédio amargo deve ser dado de uma vez e se quiser fazer reforma trabalhista gradual vai terminar seu mandato sem fazer coisa nenhuma e com o filme mais queimado ainda.
0.0,0.0,1.0,1.0,0.0,0.0,0.0,0.0,0.0,1.0,0.5,1.0,Passaremos a amá-la incondicionalmente.
0.0,0.0,0.0,1.0,0.0,1.0,0.0,0.0,0.0,0.0,1.0,1.0,"Bem ao contrário do fh, aecin, cunha, temer, queridos de parte da classe média alienada."
0.0,0.0,0.0,1.0,0.0,0.0,0.0,0.0,0.0,0.0,0.5,1.0,Nada de irregular? kkkk
0.0,0.0,0.0,1.0,0.0,0.0,0.0,0.0,0.0,1.0,0.5,1.0,Os pobres esse ano vão se lascar só do bolsa família são 10 bilhões a menos e a conta de luz está uma maravilha para eles assim como a inflação.
0.0,1.0,0.0,1.0,0.0,0.0,0.0,0.0,0.0,0.0,0.5,1.0,Reforma da Previdência gradual é para não ser feita..
0.0,1.0,1.0,1.0,0.0,0.0,1.0,0.0,0.0,0.0,1.0,1.0,Conversa digna de um ser unicelular!!!
0.0,0.0,0.0,1.0,0.0,0.0,0.0,0.0,0.0,1.0,1.0,1.0,"Afinal, o P TTT tirou o Color apesar de gostar muito dele, né?"
0.0,0.0,1.0,0.0,0.0,0.0,0.0,0.0,0.0,0.0,0.5,1.0,"Presidente Dilma, desapega criatura."
0.0,1.0,1.0,0.0,0.0,0.0,1.0,0.0,0.0,0.0,0.5,1.0,Avante STF!!!
0.0,0.0,0.0,0.0,0.0,0.0,1.0,0.0,0.0,0.0,0.5,1.0,bla bla bla bla bla bla dilmentiras
0.0,1.0,1.0,1.0,0.0,0.0,0.0,1.0,0.0,1.0,0.0,1.0,"Não só porque elá é uma phetheba de carteirinha mas porque ela é incompetente, pela completa falta de visão, pela política externa totalmente fora de eixo, por mentir descaradamente durante a campanha, por usar dinheiro ""suspeito"" nessa mesma campanha, por ter vários ministros envolvidos em escândalos, por pertencer a um partidinho saphado cujos tesoureiros são mais saphados ainda..."
0.0,0.0,0.0,1.0,0.0,0.0,0.0,0.0,0.0,1.0,1.0,1.0,Quer mais ?
0.0,0.0,1.0,1.0,0.0,0.0,0.0,1.0,0.0,0.0,0.5,1.0,"Algum tempo atrás, antes do advento do CD, a gente diria: 'vira o disco dona Dilma'."
0.0,0.0,0.0,0.0,0.0,0.0,0.0,0.0,0.0,0.0,0.5,1.0,Ó mainha!
0.0,0.0,0.0,1.0,0.0,0.0,0.0,0.0,0.0,0.0,0.0,1.0,Entre esses espinhos o perfume de rosa verde amarela ainda despertará?
1.0,0.0,0.0,1.0,0.0,0.0,0.0,0.0,0.0,0.0,1.0,1.0,"OBS. Olha a prometida Plantação de Felicidade di mainha p/ bom povo. MG descansar : híbrido Pimental + Pepinal, além do Mandiocaço!"
0.0,0.0,0.0,1.0,0.0,0.0,0.0,0.0,0.0,1.0,0.0,1.0,Golpe é represar aumentos de tarifas e pedalar para reeleger-se.
0.0,0.0,0.0,1.0,0.0,0.0,0.0,0.0,0.0,0.0,0.0,1.0,Golpe é aparelhar o Estado para anular o efeito das investigações.
0.0,0.0,0.0,1.0,0.0,0.0,0.0,0.0,0.0,0.0,0.5,1.0,Golpe é proteger os responsáveis pelos desvios.
0.0,0.0,0.0,1.0,0.0,0.0,0.0,0.0,0.0,0.0,0.0,1.0,Golpe é não assumir a responsabilidade do cargo.
0.0,0.0,0.0,1.0,0.0,1.0,0.0,0.0,1.0,1.0,0.0,1.0,Golpe é fazer acordos inconfessáveis com ditadores de países mais pobres para financiar obras com recursos públicos e lavar os recursos da corrupção.
0.0,0.0,0.0,1.0,0.0,1.0,0.0,0.0,0.0,0.0,1.0,1.0,Golpe é jogar deliberadamente o país na recessão e continuar no poder.
0.0,0.0,0.0,1.0,0.0,0.0,0.0,0.0,0.0,0.0,0.0,1.0,Golpe é comprar pelo que não vale e deixar passar.
0.0,0.0,0.0,1.0,0.0,0.0,0.0,0.0,0.0,0.0,0.5,1.0,Ainda estão falando em impeachment?
0.0,0.0,1.0,1.0,0.0,0.0,0.0,0.0,0.0,0.0,1.0,1.0,Esperem 2018 e ganhem nas urnas.
1.0,0.0,0.0,1.0,0.0,0.0,0.0,0.0,0.0,0.0,1.0,1.0,"OBS. Olha a prometida Plantação de Felicidade di mainha p/ bom povo. MG descansar : híbrido Pimental + Pepinal, além do Mandiocaço!"
0.0,1.0,0.0,1.0,0.0,0.0,0.0,0.0,0.0,0.0,0.5,1.0,Vira o disco...
0.0,0.0,1.0,1.0,0.0,0.0,0.0,0.0,0.0,1.0,0.0,1.0,"Menos quando seu partido e ela mesma (era uma zé ninguem na época então não dá prá falar) pediram o impeachment do Color, do Itamar e do FHC. Aí, não era golpe."
0.0,0.0,0.0,1.0,0.0,0.0,0.0,0.0,0.0,0.0,0.5,1.0,Está falando de cátedra.
0.0,0.0,0.0,1.0,0.0,1.0,0.0,0.0,0.0,0.0,0.0,1.0,De golpe a terrorista entende.
0.0,0.0,0.0,1.0,0.0,0.0,0.0,0.0,0.0,0.0,1.0,1.0,"Chove no molhado, nada de novo, aliás não ganhou e nem vai ganhar nada, seu discurso é desconexo e também mal assessorada."
0.0,0.0,1.0,1.0,0.0,0.0,0.0,0.0,0.0,0.0,1.0,1.0,"É da velha guarda do PT, pode ser no máximo representante do seu estado natal."
0.0,0.0,1.0,1.0,0.0,0.0,0.0,0.0,0.0,0.0,1.0,1.0,O Brasil precisa de um Estadista e não de uma historiadora.
0.0,1.0,0.0,1.0,0.0,0.0,0.0,0.0,0.0,0.0,0.5,1.0,Essa senhora apareceu?!
0.0,1.0,1.0,1.0,0.0,1.0,0.0,0.0,0.0,0.0,1.0,1.0,"Até hoje nunca ouvi uma vírgula dela sobre o ocorrido... a defesa ambiental só serve de discurso em época de eleição, não é?"
0.0,1.0,1.0,1.0,0.0,0.0,0.0,0.0,0.0,0.0,0.0,1.0,Teu discursinho só engana os inocentes...
0.0,0.0,0.0,0.0,0.0,1.0,0.0,0.0,0.0,0.0,0.5,1.0,Uma correção oportuna: ela nunca teve liderança alguma!
0.0,1.0,1.0,1.0,0.0,0.0,0.0,0.0,0.0,1.0,0.5,1.0,"Mas fique tranquila ...voce, com seu linguajar empolado, também não!"
0.0,0.0,0.0,0.0,0.0,0.0,0.0,0.0,0.0,0.0,0.5,1.0,Liderança política; ela já teve isso?
0.0,0.0,0.0,1.0,0.0,0.0,0.0,0.0,0.0,0.0,0.5,1.0,Ela sabe o que é isso?
0.0,1.0,1.0,1.0,0.0,1.0,0.0,0.0,0.0,1.0,1.0,1.0,Se a Marina estivesse no lugar da Dilma ela teria sido comida com angú.... acha que está preparada mais não está.... apoia candidatos sem conhecê-los como Aécio Neves hoje junto com seu partido citado por delatores por serem beneficiados nos esquemas de corrupção contra o povo brasileiro....
0.0,0.0,1.0,1.0,0.0,0.0,0.0,0.0,0.0,0.0,0.5,1.0,"Ela nunca teve, foi robo do Boka de Kana."
0.0,0.0,0.0,1.0,0.0,1.0,0.0,0.0,0.0,0.0,0.5,1.0,Liderança política no congresso é sinônimo de chefe de quadrilha.
0.0,0.0,0.0,1.0,0.0,0.0,0.0,0.0,0.0,0.0,0.5,1.0,Antes tarde do que nunca.
0.0,0.0,0.0,0.0,0.0,0.0,0.0,0.0,0.0,0.0,0.5,1.0,"Ela acordou, finalmente."
0.0,1.0,1.0,1.0,0.0,0.0,0.0,1.0,0.0,0.0,0.0,1.0,"""...""guiada"" por uma ilegal e constrangedora 'eminência parda...'"
0.0,0.0,1.0,0.0,0.0,0.0,0.0,0.0,0.0,0.0,1.0,1.0,É verdade Marina ?
0.0,0.0,0.0,1.0,0.0,0.0,0.0,0.0,0.0,1.0,0.5,1.0,Só agora que você percebeu ?
0.0,0.0,0.0,1.0,0.0,0.0,0.0,0.0,0.0,0.0,1.0,1.0,Todo mundo sabe que quem manda no país de verdade não tem o mindinho.
0.0,1.0,0.0,1.0,0.0,0.0,0.0,0.0,0.0,0.0,1.0,1.0,Socialismo e Liberdade'...
0.0,0.0,0.0,0.0,0.0,0.0,0.0,0.0,0.0,0.0,0.5,1.0,Faltaram duas perguntas inocentes:
0.0,1.0,1.0,0.0,0.0,1.0,1.0,0.0,0.0,0.0,0.5,1.0,Lúcida?? Hahahahahahhahahahah ...
0.0,1.0,1.0,1.0,0.0,0.0,1.0,1.0,0.0,0.0,0.5,1.0,"Cuba e Venezuela tem ""democracia""??"
0.0,1.0,1.0,1.0,0.0,0.0,1.0,0.0,0.0,0.0,1.0,1.0,Da democracia socialista em que idolatram picaretas no poder pela ignorância do povo???
0.0,0.0,0.0,1.0,0.0,0.0,0.0,0.0,0.0,0.0,0.5,1.0,"Santa ignorância de Esquerda Caviar, só tem frustrado mesmo com a vida."
0.0,1.0,1.0,1.0,0.0,0.0,0.0,1.0,0.0,0.0,0.5,1.0,"Expermentemos discutir política ou economia, de maneira educada, com esquerdistas: já começam 'coxinha', 'reacionário', 'fascista'..."
0.0,1.0,1.0,1.0,0.0,1.0,0.0,1.0,0.0,0.0,0.0,1.0,"O herói da pátria, José Dirceu, quando pediu o impedimento de FHC em 1999 declarou que governista que falava em ""golpe"" era ""falta de assunto""...."
0.0,0.0,0.0,1.0,0.0,0.0,0.0,0.0,0.0,0.0,1.0,1.0,Deseja circo ver fogo .
0.0,1.0,1.0,1.0,0.0,0.0,1.0,0.0,0.0,1.0,1.0,1.0,"Veja, a Cidadã nada mais é que filha de BOM político, igualzinha as FAMÍLIA dos político TRADICIONAL do BRASIL, não sabe fazer nada, então vai ser POLÍTICO, esta no SANGUE!!"
0.0,0.0,1.0,1.0,0.0,0.0,0.0,0.0,0.0,0.0,1.0,1.0,Essa Luciana é a socialista que usa iMac do grande Steve Jobs?
0.0,0.0,1.0,0.0,0.0,0.0,0.0,0.0,0.0,0.0,0.5,1.0,Parabêns.
0.0,0.0,0.0,0.0,0.0,0.0,0.0,0.0,0.0,1.0,0.5,1.0,Agora vai!
0.0,0.0,0.0,0.0,0.0,0.0,0.0,0.0,0.0,0.0,1.0,1.0,Belas referências.
0.0,0.0,0.0,1.0,0.0,0.0,0.0,1.0,0.0,0.0,1.0,1.0,"E com essa medida, ela que tanto se ""preocupa"" com as finanças públicas, dá as costas ao ajuste fiscal e compra o apoio de que precisa no Congresso, para se livrar do impeachment."
0.0,1.0,1.0,1.0,0.0,0.0,0.0,1.0,0.0,0.0,0.5,1.0,"Não bastam salários polpudos para os parlamentares, nem gabinetes luxuosos, nem hordas de funcionários pagos com dinheiro público.... Tem que jorrar dinheiro para ""bases"" dos srs. deputados e senadores."
0.0,0.0,1.0,1.0,0.0,0.0,0.0,0.0,0.0,0.0,1.0,1.0,"Viva a Corrupcao, o Pais de babacas onde vivemos."
1.0,0.0,0.0,1.0,0.0,0.0,0.0,0.0,0.0,0.0,1.0,1.0,Nossa como ela é legal!
1.0,1.0,0.0,1.0,0.0,0.0,0.0,0.0,0.0,0.0,1.0,1.0,Nossos políticos aceitam de bom grado..aliás vivemos um momento extraordinário!
0.0,0.0,0.0,1.0,0.0,0.0,0.0,0.0,0.0,0.0,1.0,1.0,De muito crescimento e desenvolvimento.
1.0,1.0,1.0,1.0,0.0,0.0,0.0,0.0,0.0,1.0,1.0,1.0,"O país esta em excelente fase, assim, se justifica (será que se justificaria em algum momento?) esses valores absurdos...mas recorrer e quem?"
0.0,1.0,0.0,1.0,0.0,0.0,1.0,0.0,0.0,0.0,0.5,1.0,Como é gostoso gastar dinheiro dos contribuintes !!!
0.0,0.0,0.0,1.0,0.0,0.0,0.0,0.0,0.0,0.0,0.5,1.0,Nota dez com louvor!
0.0,0.0,0.0,1.0,0.0,0.0,0.0,0.0,0.0,0.0,1.0,1.0,Sem chance a sua volta pelo belo (?) conjunto da obra.
1.0,0.0,0.0,1.0,0.0,0.0,0.0,1.0,0.0,0.0,1.0,1.0,"Está subestimando o nosso ""glorioso"" sindicalismo e a ignorancia conveniente do nosso povo."
0.0,0.0,0.0,1.0,0.0,0.0,0.0,0.0,0.0,1.0,0.5,1.0,Este Homem Mais Honesto do Mundo não vai se candidatar.
0.0,0.0,0.0,1.0,0.0,1.0,0.0,0.0,0.0,0.0,0.0,1.0,dançou com as irregularidades e sofreu um declínio moral e ético!
0.0,0.0,0.0,1.0,0.0,0.0,0.0,0.0,1.0,1.0,1.0,1.0,então a reforma politica é mais do que nécessaria regras e punições mais claras e severas para as regras do jogo politico !
0.0,0.0,0.0,1.0,0.0,1.0,0.0,0.0,0.0,0.0,0.5,1.0,"vereadores , deputados , senadores , prefeitos , governadores, presidente da republica são pessoas publicas"
0.0,0.0,1.0,1.0,0.0,0.0,0.0,0.0,0.0,0.0,0.0,1.0,"O resto é culpando a oposição, o resto do mundo, o et de varginha pela incompetência deste governo/partido ."
0.0,0.0,1.0,1.0,0.0,0.0,0.0,0.0,0.0,1.0,0.5,1.0,"Os que não foram flagrados na lambança, estão aí, posando de santinhos, mas a verdade é uma só : empresários NUNCA doam, eles emprestam na época eleitoral pra cobrar mais adiante."
0.0,0.0,1.0,1.0,0.0,0.0,0.0,1.0,0.0,0.0,1.0,1.0,"Delcídio era um ""negociante"" Tuctucano, porém, os eleitores não receberam esta ""pequenina"" informação!"
0.0,1.0,1.0,1.0,0.0,0.0,1.0,1.0,0.0,1.0,0.5,1.0,"Uma delação feita no primeiro dia de julho de 2015, contém acusação contra o Aecim, no entanto, só ""vazou"" agora em janeiro de 2016 !!!"
0.0,0.0,0.0,1.0,0.0,0.0,0.0,0.0,0.0,1.0,0.0,1.0,"Porém, chegou o momento amargo de dizer que o doce acabou e agora, que segurem as pontas daqueles viciados e desesperados por doce, que clamam por uma pitada que seja, daquilo que acabou."
0.0,0.0,0.0,1.0,0.0,0.0,0.0,0.0,0.0,0.0,0.0,1.0,"Ja estão atras de um lider, problema é achar um limpinho."
0.0,0.0,0.0,1.0,0.0,0.0,0.0,0.0,0.0,0.0,0.5,1.0,"Um verdadeiro Lord, um fidalgo falando!"
0.0,0.0,0.0,0.0,0.0,0.0,0.0,1.0,0.0,1.0,0.5,1.0,"""Quase chego às lágrimas!""."
0.0,0.0,0.0,1.0,0.0,0.0,0.0,0.0,0.0,0.0,0.5,1.0,Estou comovido com tanta contrição e surpresa.
0.0,1.0,1.0,1.0,0.0,0.0,0.0,0.0,0.0,0.0,0.5,1.0,Única verdade absoluta neste (des)governo é que está tudo errado...
0.0,1.0,1.0,0.0,0.0,0.0,0.0,0.0,0.0,0.0,0.5,1.0,Vish... Desenvolvimentismo?
0.0,0.0,0.0,1.0,0.0,1.0,0.0,0.0,0.0,0.0,0.5,1.0,Em 2002 comentei: Quem nunca lambeu mel; acaba se lambuzando.
0.0,0.0,0.0,1.0,0.0,0.0,0.0,0.0,0.0,1.0,0.5,1.0,"Obrigado ministro, pelo menos, as idéias são pares, ne?"
0.0,1.0,1.0,1.0,1.0,0.0,0.0,0.0,0.0,0.0,1.0,1.0,"Nem que a vaca tussa vou tirar direitos dos trabalhadores, sei..."
0.0,0.0,1.0,1.0,0.0,1.0,0.0,0.0,0.0,0.0,1.0,1.0,"Jaques está de parabéns, o meu final de ano me lambuzei de arroz com farofa a carne ficou pra quem, adivinhem, claro Pra Turma do maiusculo"
0.0,0.0,0.0,1.0,0.0,0.0,1.0,0.0,0.0,1.0,0.5,1.0,"Agora, o mi mi mi deste elemento aí."
0.0,1.0,0.0,1.0,0.0,0.0,0.0,1.0,0.0,0.0,0.5,1.0,"Não há dúvida, nosso ""pravda"" bolivarizou de vez..."
0.0,0.0,0.0,1.0,0.0,0.0,1.0,1.0,0.0,0.0,0.5,1.0,"Quer dizer então que a culpa pelo fiasco é da opos$$ç**o e da ""crise"" externa."
0.0,0.0,0.0,1.0,0.0,0.0,0.0,0.0,0.0,0.0,0.5,1.0,É fácil gastar o dinheiro dos outros né ?
0.0,0.0,1.0,1.0,0.0,0.0,1.0,0.0,0.0,0.0,1.0,1.0,O Sr. quis dizer lambuzou foi a $$$$$ que pegaram ?
0.0,0.0,0.0,1.0,0.0,0.0,0.0,0.0,0.0,0.0,1.0,1.0,O universo da politica suas engrenagens os médotos do exercicio politico !
0.0,1.0,1.0,1.0,0.0,0.0,1.0,0.0,0.0,0.0,0.5,1.0,A presidenta não sabia de nada !!!??
0.0,0.0,1.0,1.0,0.0,0.0,0.0,0.0,0.0,0.0,0.5,1.0,Será mesmo que só foram comer melado após chegarem à presidência da República?
0.0,0.0,0.0,1.0,0.0,0.0,0.0,0.0,0.0,0.0,0.0,1.0,"Se o impeachment não ocorrer, novas explicações serão dadas pela turminha para justificar o malogro."
0.0,0.0,0.0,1.0,0.0,0.0,0.0,0.0,0.0,0.0,1.0,1.0,"Sugestão para o entrevistado: que tal assumir a Fazenda e com a ajuda da atual Mãe Menininha do Gantois, nos tirar do buraco profundo em que estamos metidos?"
0.0,1.0,1.0,1.0,0.0,0.0,0.0,0.0,0.0,0.0,0.0,1.0,confirmado pelo TCU que rejeitou as contas de dilma.... nao sabe o que falar : fala qualquer coisa .
0.0,1.0,1.0,1.0,0.0,0.0,1.0,1.0,0.0,0.0,0.5,1.0,"bandidagem é ser ""politizado""???"
0.0,0.0,1.0,1.0,0.0,0.0,0.0,0.0,0.0,0.0,1.0,1.0,(Fora a honestidade do Lula)
0.0,0.0,1.0,1.0,0.0,1.0,0.0,0.0,0.0,0.0,1.0,1.0,"Jaques Wagner falou a verdade e por isso suas declarações tiveram essa repercussão negativa, entre os petistas."
0.0,0.0,0.0,1.0,0.0,0.0,0.0,0.0,0.0,1.0,1.0,1.0,"Uma coisa temos que admitir, os pestistas primam pela originalidade: todos são mentirosos."
0.0,0.0,1.0,1.0,0.0,0.0,0.0,0.0,0.0,0.0,0.5,1.0,"O ptzão acabou turma que o defende até hoje, voces hoje são um balaio de ratos, alguns pulam fora, outros acostumados com a teta se revoltam e dizem o que pensa este é o caso do Jaques, na próxima eleição voces terão que mudar para cuba para não serem presos."
0.0,0.0,0.0,1.0,0.0,0.0,0.0,0.0,0.0,0.0,0.5,1.0,"Eu escrevo lindas palavras do partido, do ex e da presidan, taí, não publicam. "
0.0,0.0,0.0,1.0,0.0,0.0,0.0,0.0,0.0,1.0,0.5,1.0,Sera´que escrevo mal ou bem demais
0.0,0.0,1.0,1.0,0.0,0.0,0.0,0.0,0.0,0.0,1.0,1.0,A grande obra de Lula foi não ter feito nenhuma das bravatas demagógicas que ele e seu PT prometeram ao longo de anos.
0.0,0.0,0.0,1.0,0.0,1.0,0.0,0.0,0.0,0.0,1.0,1.0,"Sim, o grande feito delle foi não fazer nada, quando sua aprendiz começou a fazer, por ordens delle, deu no que estamos vendo!"
0.0,0.0,1.0,1.0,0.0,0.0,0.0,1.0,1.0,1.0,0.0,1.0,"""Com a responsabilidade que ele tem, deveria ser menos metafórico e mais politizado nas suas declarações"", reagiu Tarso.(será que de responsabilidade ele entende?)"
0.0,0.0,0.0,1.0,0.0,0.0,0.0,0.0,0.0,0.0,0.5,1.0,Belíssimo modelo de ética e moral dos vermelhos chupins.
0.0,0.0,0.0,1.0,0.0,1.0,0.0,1.0,0.0,0.0,0.0,1.0,"Veja que hoje o governo ""democrático"" de lá está na tentativa de impedir a posse dos representantes eleitos da oposição."
0.0,0.0,0.0,1.0,0.0,1.0,0.0,0.0,0.0,0.0,0.0,1.0,"Os bonitos donos da razão não tem a humildade para sobreviver a críticas, tem que cometer os erros e ainda sim estar mentindo para população."
0.0,0.0,0.0,1.0,0.0,0.0,0.0,0.0,0.0,1.0,1.0,1.0,"O governo jamais se afastou de suas bases sociais, muito pelo contrário, sempre irrigou esses movimentos ditos sociais com fartas e generosas verbas públicas."
0.0,0.0,0.0,1.0,0.0,1.0,0.0,0.0,0.0,0.0,0.0,1.0,"autarquias e agências reguladoras com comissários do partido, falar em governo supra-partidário é uma tremenda infantilidade."
0.0,0.0,1.0,1.0,0.0,0.0,0.0,0.0,0.0,1.0,1.0,1.0,"Acontece que a Lava Jato está, cada dia mais e devagar, desmistificando a santa alma de São Luiz Inácio 51."
1.0,0.0,1.0,1.0,0.0,0.0,0.0,0.0,1.0,1.0,1.0,1.0,"Junto com aquele mais honesto do país, que tinham até que canonizá lo de tão Santo que é!"
0.0,0.0,0.0,1.0,0.0,0.0,0.0,0.0,0.0,1.0,0.0,1.0,"Tenho que postar aos pedaços porque sou censurado, ou desculpem, sofro moderação!, se envio o texto completo."
0.0,1.0,0.0,1.0,0.0,0.0,0.0,0.0,0.0,1.0,1.0,1.0,"pelo menos o MTST está sendo coerente não indo apoiar o pixuleco , aliás eles poderiam ir lá dar um pulinho no triplex e ocupá-lo , pois não é de ninguém pelo que afirmam os investigados ..."
0.0,0.0,0.0,1.0,0.0,0.0,0.0,0.0,0.0,0.0,0.5,1.0,O meu velho AP está precisando com urgência de uma reforminha básica.
0.0,0.0,0.0,1.0,0.0,1.0,0.0,0.0,0.0,0.0,0.0,1.0,E não há necessidade de elevador privativo.
0.0,0.0,0.0,1.0,0.0,1.0,0.0,0.0,0.0,0.0,0.0,1.0,O meu velho AP está precisando com urgência de uma reforminha básica e não há necessidade de elevador privativo.
0.0,1.0,1.0,1.0,0.0,0.0,1.0,0.0,0.0,0.0,0.5,1.0,O Polvo líder mundial?!!!
0.0,0.0,0.0,1.0,0.0,1.0,0.0,1.0,0.0,0.0,0.5,1.0,"Estas ""entidades"" deveriam ser fechadas e os responsáveis processados com associação com crimes!"
0.0,1.0,1.0,1.0,0.0,1.0,0.0,0.0,0.0,0.0,1.0,1.0,"As nove da manhã de uma quarta-feira, manifestantes na rua... bom, pelos efeitos da política da gerenta aprendiz do consultor mundial é possível que tenhamos muitas pessoas desocupadas mesmo.."
0.0,0.0,0.0,1.0,0.0,1.0,0.0,0.0,0.0,0.0,0.0,1.0,aqui não ter guerra civil sempre acaba em samba.
0.0,0.0,0.0,1.0,0.0,0.0,0.0,0.0,0.0,0.0,1.0,1.0,viva o povo brasileiro .
0.0,0.0,1.0,1.0,0.0,0.0,0.0,0.0,0.0,0.0,1.0,1.0,"Ser anima pete: por quanto tempo dizer o larápio , não sei , não sei .não sei . não sei ."
0.0,0.0,1.0,1.0,0.0,0.0,0.0,1.0,1.0,1.0,0.5,1.0,"presidente do Congresso rouba, presidente do Senado também, e é um tal de beija mão, é muita falta de caráter, e essa ""coisa"" dando uma de salvadora da pátria, foi ela que afundou o Brasil, e vai lá para pedir mais sacrifício para o povo, é muito nojento!"
0.0,0.0,0.0,1.0,0.0,0.0,0.0,1.0,0.0,1.0,1.0,1.0,"Agora que não tem mais como esconder tanta besteira feita nesses 14 anos, querem ""parceria, para dividir a culpa, lógico."
0.0,0.0,1.0,1.0,0.0,0.0,0.0,0.0,0.0,0.0,0.5,1.0,Não tinham dito ter destravado o Brasil?
0.0,0.0,1.0,1.0,0.0,0.0,0.0,0.0,0.0,0.0,1.0,1.0,"Em 2013 essa senhora disse que o Brasil estava num dos melhores momentos, isso falando já na beira do abismo."
0.0,0.0,1.0,1.0,0.0,0.0,0.0,1.0,0.0,0.0,1.0,1.0,"""Que “conversa”, senão a que faz o Boi dormir, pode querer uma presidente que, a Todo momento, chama os Opositores de “Golpistas”?"
0.0,0.0,1.0,1.0,0.0,0.0,0.0,0.0,0.0,0.0,0.5,1.0,Que pode querer Dilma com esse “diálogo” senão um Sócio para dividir a Responsabilidade pelas medidas Impopulares que ela Inevitavelmente terá de adotar para Amenizar os danos de sua Trágica administração?
0.0,0.0,1.0,1.0,0.0,1.0,0.0,1.0,0.0,0.0,0.5,1.0,"Seu apelo à Oposição tem o mesmo valor que suas Promessas de campanha – serve somente para Enganar os Incautos"" *Estadinho"
0.0,0.0,0.0,1.0,0.0,0.0,0.0,0.0,0.0,0.0,1.0,1.0,"Devemos ser grato ao P.T e seus eleitores, não é verdade?"
0.0,1.0,1.0,1.0,0.0,0.0,0.0,0.0,0.0,1.0,0.5,1.0,Todos são iguais perante a Lei... mas a Lei não é igual pros Tucanos.
0.0,0.0,0.0,1.0,0.0,0.0,0.0,0.0,0.0,0.0,0.5,1.0,Nem a Mídia é igual para os Petistas.
1.0,0.0,1.0,1.0,0.0,1.0,0.0,1.0,0.0,0.0,1.0,1.0,"Ontem, o professor de Ética Carlos Alberto di Franco que (sem dúvida) lê o Globo e a Folha todo santo dia, denunciou que há uma acelerada ""nova democracia” no Brasil, ""totalitária e ditatorial, que pretende espoliar milhões de cidadãos do direito fundamental de OPINAR, essencial à Democracia""."
0.0,1.0,1.0,1.0,0.0,0.0,1.0,1.0,0.0,0.0,1.0,1.0,"Di Franco foi franco e perspicaz : ""a ditadura ideológica constrange a cidadania""!!"
0.0,0.0,1.0,1.0,0.0,0.0,0.0,1.0,0.0,0.0,0.0,1.0,"A doutora Dilma está pedindo uma ""parceria"" com quem paga imposto."
0.0,0.0,0.0,1.0,0.0,0.0,0.0,1.0,0.0,0.0,1.0,1.0,"Nossos aeroportos estão aí, belos e funcionais, (como nunca antes em nossa História) prontos pra fazer com que os ""competentes"" mostrem lá fora que são mesmo competentes."
0.0,0.0,0.0,1.0,0.0,1.0,0.0,1.0,0.0,0.0,0.5,1.0,"Constata-se que tem muita gente fazendo de conta que ""não sabe"" que a crise nasceu lá fora em 2008, e apenas em 2015 desembarcou por aqui."
0.0,0.0,0.0,1.0,0.0,0.0,0.0,1.0,0.0,0.0,0.5,1.0,"""Nunca antes em nossa História"" uma crise demorou tanto a nos afetar."
0.0,0.0,0.0,1.0,0.0,0.0,0.0,1.0,0.0,0.0,0.0,1.0,"Lição: ""O crime compensa!"""
0.0,0.0,0.0,1.0,0.0,0.0,0.0,1.0,0.0,1.0,1.0,1.0,"Essa aí fez de ""tudo"" para se reeleger e agora desesperada, quer buscar apoio."
0.0,0.0,0.0,1.0,0.0,0.0,0.0,0.0,0.0,0.0,0.0,1.0,"cortar custos da máquina administrativa , nem pensar."
0.0,0.0,1.0,1.0,0.0,0.0,0.0,0.0,0.0,0.0,1.0,1.0,JS é o maior especialista em efeitos especiais do cinema politico brasileiro .
0.0,0.0,1.0,1.0,0.0,0.0,0.0,0.0,0.0,1.0,1.0,1.0,"Tudo gente fina, ou melhor, traidores do Brasil."
0.0,1.0,1.0,1.0,0.0,0.0,0.0,0.0,0.0,0.0,0.5,1.0,parabéns ao juiz Moro à sua equipe e a nossa PF.....
0.0,0.0,0.0,1.0,0.0,0.0,0.0,0.0,0.0,0.0,1.0,1.0,viva a decência
0.0,1.0,1.0,1.0,0.0,0.0,0.0,0.0,0.0,0.0,0.5,1.0,de alma lavada.....
0.0,1.0,1.0,1.0,0.0,0.0,0.0,0.0,0.0,0.0,0.5,1.0,parabens à PF e a Promotoria Federal.....
0.0,1.0,1.0,0.0,0.0,0.0,0.0,0.0,0.0,0.0,0.5,1.0,é emocionante uma notícia dessas numa segunda feira....
0.0,0.0,0.0,0.0,0.0,0.0,0.0,0.0,0.0,0.0,0.5,1.0,Todo marqueteiro é uma libélula deslumbrante.
0.0,0.0,1.0,1.0,0.0,0.0,0.0,0.0,0.0,0.0,0.5,1.0,"João Santana, o marqueteiro do país das maravilhas, foi pego."
0.0,1.0,1.0,1.0,0.0,0.0,0.0,0.0,0.0,0.0,0.5,1.0,- Quem diria?...que os poderosos estariam presos?
0.0,1.0,1.0,0.0,0.0,0.0,1.0,0.0,0.0,0.0,0.5,1.0,Alguém viu um estadista por aí????
0.0,1.0,1.0,1.0,0.0,0.0,0.0,0.0,0.0,0.0,0.5,1.0,A Odebrech também falou que não tinha nada....
0.0,0.0,0.0,1.0,0.0,0.0,0.0,0.0,0.0,0.0,1.0,1.0,"Nada de nada, e do pesedebe, não se investiga, fim."
0.0,0.0,0.0,1.0,0.0,0.0,0.0,0.0,0.0,0.0,1.0,1.0,A história se encarregará de o ter como o maior presidente e estadista da história deste país.
1.0,0.0,1.0,1.0,0.0,1.0,0.0,0.0,1.0,1.0,1.0,1.0,"Os P.E.T.R.A.L.H.A.S.tambem construíram muito: porto em Cuba, metrô em Caracas, um tríplex na Guarujá, um belo sítio em Atibaia, sem falar no mais novo curso superior no currículo do MEC: Curso de Contabilidade Criativa."
0.0,0.0,0.0,1.0,0.0,0.0,0.0,1.0,0.0,0.0,0.5,1.0,"Se é tudo 'invenção', então pq não processa essa senhora por calúnia e difamação?"
0.0,0.0,1.0,1.0,0.0,0.0,0.0,1.0,0.0,0.0,0.5,1.0,"Candidata ""Nova Mainha do BR""?"
0.0,0.0,1.0,1.0,0.0,0.0,0.0,1.0,0.0,1.0,0.5,1.0,"Isso mesmo, são ""coisas menores"", porque coisa grande mesmo é o barco da Dona Marisa."
0.0,0.0,1.0,1.0,0.0,0.0,0.0,1.0,0.0,0.0,0.5,1.0,"""Se desfaça essa organização criminosa"",inclusive a que se instalou no estado de SP!"
1.0,0.0,0.0,1.0,0.0,0.0,0.0,0.0,0.0,0.0,1.0,1.0,É bom ser amigo da grande mídia.
0.0,0.0,1.0,1.0,0.0,1.0,0.0,0.0,0.0,0.0,0.0,1.0,"Kkkkk, então qualquer coisa (e estamos falando de lavagem de dinheiro e/ou remessa ilegal ao exterior) que sai dos tucanos, não pode falar, pq é desviar a atenção da Lava-Jato."
0.0,0.0,1.0,1.0,0.0,0.0,0.0,0.0,0.0,0.0,1.0,1.0,"Abra os olhos , dona Dilma!"
1.0,0.0,1.0,1.0,0.0,0.0,0.0,0.0,1.0,1.0,0.0,1.0,"Que tanto medo tem LULA de que investiguem a ele e ao PT, se declara aos quatro ventos que é o homem mais honesto do país e que não deve nada a ninguém?"
0.0,0.0,0.0,0.0,0.0,0.0,0.0,0.0,0.0,0.0,0.5,1.0,Engraçado!
0.0,1.0,0.0,1.0,0.0,0.0,1.0,0.0,0.0,0.0,0.5,1.0,"Na realidade, amarelou!!"
0.0,0.0,0.0,1.0,0.0,0.0,0.0,0.0,0.0,0.0,1.0,1.0,Cuidado com ele.
0.0,0.0,1.0,1.0,0.0,0.0,0.0,0.0,0.0,0.0,0.5,1.0,"Fechamento fábricas , milhões desempregados um presente de pete."
0.0,0.0,0.0,1.0,0.0,0.0,0.0,0.0,0.0,0.0,0.0,1.0,"Um país onde tudo é relativo, onde nada é grave e onde a população tem que engolir tudo sem reclamar."
0.0,0.0,1.0,1.0,0.0,1.0,0.0,0.0,0.0,0.0,0.0,1.0,Dinheiro de corrupção para financiar campanha de Dilma ñ é grave.
0.0,0.0,0.0,1.0,0.0,0.0,0.0,0.0,1.0,1.0,1.0,1.0,Ou será sua ekipe os responsáveis por esta maravilhosa idéia de aumentar a alíquota do mais novo velho imposto?
0.0,0.0,1.0,1.0,0.0,0.0,0.0,0.0,0.0,1.0,1.0,1.0,Não importa mais o Brasil e sim a cadeira da presidência.
0.0,0.0,1.0,0.0,0.0,0.0,0.0,0.0,0.0,0.0,0.5,1.0,hmmmm sei não.
0.0,1.0,1.0,1.0,0.0,0.0,0.0,0.0,0.0,0.0,0.5,1.0,Parabéns à Polícia Militar do Estado de São Paulo...
0.0,0.0,0.0,1.0,0.0,0.0,0.0,1.0,0.0,1.0,0.0,1.0,"Mais uma ""reportagem"" extremamente mal feita e tendenciosa!"
0.0,0.0,1.0,1.0,0.0,1.0,0.0,0.0,0.0,1.0,1.0,1.0,"É só olhar nas fotos que vocês verão a cara da humildade e ignorância deste pessoal vestido de Venezuela, nem sabem o que estão fazendo lá, mas o bolsa marmita e os trinta ré da condução tão garantidos."
0.0,0.0,0.0,1.0,0.0,1.0,0.0,1.0,0.0,0.0,1.0,1.0,"Este detalhe (que não é ""detalhe"") só COMPROVA que quem está à frente, não possui compromisso com a verdadeira Justiça."
0.0,1.0,0.0,1.0,0.0,0.0,1.0,1.0,0.0,0.0,1.0,1.0,"Querem ""fazer"" justiça sob encomenda - vergonhoso !!"
0.0,1.0,1.0,1.0,0.0,0.0,0.0,0.0,0.0,1.0,1.0,1.0,"Que tal fazer as coisas certas, agora ?!"
0.0,0.0,0.0,1.0,0.0,0.0,0.0,0.0,0.0,0.0,0.0,1.0,"Partiram para o ataque com pedras, frutas, pet com água, ovos, galhos e etc."
0.0,0.0,0.0,1.0,0.0,0.0,0.0,0.0,0.0,0.0,1.0,1.0,Estão apoiando o Pai?
0.0,0.0,0.0,1.0,0.0,0.0,0.0,0.0,0.0,0.0,0.5,0.0,"Quando um funcionário traz prejuízo para uma empresa, ele é demitido."
0.0,0.0,0.0,1.0,0.0,0.0,0.0,0.0,0.0,0.0,1.0,0.0,"Da mesma forma, o chefe do executivo não é dono do país, é um empregado dos brasileiros, e pelo fato de ser incompetente e ter causado todo o problema econômico que estamos, é passível de ser demitida, ou no caso, ser afastada, no mínimo, por incompetência."
0.0,0.0,0.0,1.0,0.0,0.0,0.0,0.0,0.0,1.0,1.0,0.0,"Não gostava do barbudo também, mas nunca cogitei impeachment no governo dele."
0.0,0.0,0.0,1.0,0.0,1.0,0.0,0.0,0.0,1.0,0.5,0.0,"Agora no seu governo, senhora, a corrupção está afundando nosso país."
0.0,0.0,1.0,1.0,0.0,0.0,0.0,0.0,0.0,0.0,0.5,0.0,"Não existe emprego, inflação a dois dígitos, carga tributária de Noruega e serviços a população de Zimbábue."
0.0,0.0,0.0,1.0,0.0,0.0,0.0,0.0,0.0,1.0,1.0,0.0,E ainda quer mais imposto?
0.0,0.0,0.0,0.0,0.0,0.0,0.0,0.0,0.0,0.0,0.5,0.0,Pra quê?
0.0,0.0,0.0,0.0,0.0,0.0,0.0,0.0,0.0,0.0,0.5,0.0,Caixa 2?
0.0,1.0,0.0,1.0,0.0,0.0,0.0,0.0,0.0,1.0,1.0,0.0,"A presidente não vai cair porque não se gosta dela, vai cair porque agiu contra a lei, simples assim..."
0.0,0.0,0.0,1.0,0.0,0.0,0.0,0.0,0.0,0.0,0.5,0.0,Esses argumentos são bestiais.
0.0,0.0,0.0,1.0,0.0,1.0,0.0,0.0,0.0,1.0,0.0,0.0,"Juridicamente falando não tem base pra impeachment, não tem fundamento jurídico, e o pior de tudo o povão, a massa mesmo não apóia o impeachment, por isso não decolou o golpe."
0.0,0.0,1.0,1.0,0.0,0.0,0.0,0.0,1.0,1.0,0.5,0.0,"Mas o governo da Dilma é muito semelhante ao governo FHC, tão ruim qto."
0.0,0.0,0.0,1.0,0.0,0.0,0.0,0.0,0.0,0.0,0.5,0.0,Vejam muitos picaretas desses movimentecos saírem candidatos a vereador em 2016 pra verem no que estão interessados de fato.
0.0,0.0,1.0,0.0,0.0,0.0,0.0,0.0,0.0,0.0,0.5,0.0,Lobão possivelmente será candidato.
0.0,0.0,0.0,1.0,0.0,0.0,0.0,0.0,0.0,0.0,0.5,0.0,Vi esta entrevista dela.
0.0,0.0,0.0,1.0,0.0,0.0,0.0,0.0,0.0,1.0,0.5,0.0,Logo após anunciar o aumento para o fundo partidário.
0.0,0.0,0.0,0.0,0.0,0.0,0.0,0.0,0.0,1.0,1.0,0.0,Já nem suporto mais assistir noticiários.
0.0,0.0,0.0,1.0,0.0,0.0,0.0,0.0,0.0,0.0,0.0,0.0,"Como ela pode falar em democracia, mentindo e enganando o povo?"
0.0,0.0,0.0,1.0,0.0,0.0,0.0,0.0,0.0,1.0,1.0,0.0,"Não adianta tapar o sol com a peneira e criar prosopopeias, ou florear com falas mentirosas, o povo está esperto e cobra mudanças, não acredita mais nestas conversas e ações eleitoreiras."
0.0,0.0,0.0,1.0,0.0,0.0,0.0,0.0,0.0,1.0,0.5,0.0,"Nem os investidores acreditam mais nos novos rumos que traçam para seguir com o governo, estão tirando o dinheiro e brasileiros também têm feito isso, estão todos apavorados."
0.0,0.0,1.0,1.0,0.0,1.0,0.0,0.0,0.0,1.0,1.0,0.0,"Ninguem quer tirá-la da Presidência por que não gostam dela e sim pela incompetência que esta afundando o Brasil e seu povo, que a cada dia tem que pagar mais impostos para cobrir a lambança que o PT fez e esta fazendo com a imensa lama de corrupção que se tornou nosso Brasil, pelas promessas enganadoras feitas em sua campanha eleitoral ao povo e pela vergonha que esta fazendo a sociedade brasileira passar perante o mundo inteiro."
0.0,0.0,0.0,0.0,0.0,0.0,0.0,0.0,0.0,0.0,0.5,0.0,É só por isso.
0.0,0.0,0.0,1.0,0.0,0.0,0.0,0.0,0.0,0.0,1.0,0.0,"Outra parte do povo, está amparado por outro tanto de mentiras, que são os pacotes dito sociais pagos com endividamento e que retornam em forma de esmola e não crescimento."
0.0,0.0,0.0,1.0,0.0,0.0,0.0,0.0,0.0,1.0,0.5,0.0,"Mais uma manobra presidencial, agora aliciando os jornalistas que são os comunicadores da mídia e fazedores de opinião."
0.0,0.0,1.0,1.0,0.0,0.0,0.0,0.0,0.0,0.0,0.5,0.0,"Medidas articuladas e repentinas, Mercadante discutindo o teor da redação e vasculhando o conteúdo dos alunos?"
0.0,0.0,0.0,1.0,0.0,0.0,0.0,0.0,0.0,0.0,0.5,0.0,Compra de votos.
0.0,0.0,1.0,1.0,0.0,0.0,0.0,0.0,0.0,1.0,0.5,0.0,"Se fosse algum prefeito que tivesse cometido esses crimes contra a lei de responsabilidade fiscal ele já teria sido deposto, engraçado que Collor foi deposto por muito menos que isso."
0.0,0.0,1.0,1.0,0.0,0.0,0.0,0.0,0.0,0.0,0.5,0.0,A senhora presidente não submeteu os empréstimos do BNDES ao senado antes de mandar dinheiro para Cuba através de empreiteiras como preconiza o artigo 19 da Constituição.
0.0,0.0,0.0,1.0,0.0,1.0,0.0,0.0,0.0,0.0,0.0,0.0,Estamos a beira de uma guerra civil devido a essa péssima gestão.
0.0,1.0,1.0,1.0,0.0,1.0,1.0,0.0,0.0,0.0,1.0,0.0,Não é por não gostar não é por corrupção e incompetência mesmo !!!!!
0.0,0.0,1.0,0.0,0.0,0.0,0.0,0.0,0.0,0.0,0.5,0.0,Sra. Presidente. Existe golpe sim.
0.0,0.0,0.0,1.0,0.0,0.0,0.0,0.0,0.0,0.0,0.5,0.0,Golpe contra a boa fé do povo brasileiro que a elegeu.
0.0,0.0,0.0,1.0,0.0,0.0,0.0,0.0,0.0,0.0,0.0,0.0,"Golpe contra a lei eleitoral, ao fazer na sua campanha do uso da maquina administrativa e de recursos desviados."
0.0,0.0,0.0,1.0,0.0,0.0,0.0,0.0,0.0,0.0,0.0,0.0,Golpe contra as finanças do país.
0.0,0.0,1.0,1.0,0.0,1.0,0.0,0.0,0.0,0.0,0.0,0.0,Golpe contra a constituição brasileira ao atentar contra a lei orçamentária e o envio de recursos a países estrangeiros sem autorização do congresso.
0.0,0.0,0.0,1.0,0.0,1.0,0.0,0.0,0.0,0.0,0.5,0.0,Golpe contra a arrecadação e contra a economia popular.
0.0,0.0,0.0,1.0,0.0,0.0,0.0,0.0,0.0,0.0,1.0,0.0,Sim a Sra. é a maior golpista da história desta nação.
0.0,0.0,0.0,1.0,0.0,0.0,0.0,0.0,0.0,0.0,0.0,0.0,"O grande problema deste governo é que atua para permanecer no governo, e tudo que se faz e desfaz, por exemplo o dinheiro público que foi desfeito como ouro que escorre pelas mãos, foi para não perder o poder, a isto chamam democracia?"
0.0,0.0,0.0,1.0,0.0,0.0,0.0,0.0,0.0,0.0,0.5,0.0,E o povo?
0.0,0.0,0.0,1.0,0.0,0.0,0.0,0.0,0.0,0.0,0.5,0.0,É só eleitor.
0.0,0.0,1.0,1.0,0.0,1.0,0.0,1.0,0.0,1.0,0.0,0.0,"Em 1999 o então dep fed Jose Dirceu colocou um pedido de impedimento contra FHC, por muitíssimo menos que as pedaladas, dizendo literalmente ""qualquer deputado pode pedir impedimento do presidente"" e que governista que dizia que era golpe ""era porque não tinha assunto""."
0.0,0.0,1.0,1.0,0.0,0.0,0.0,0.0,0.0,0.0,0.0,0.0,O então pres da camara que aceitou o pedido era o Temer.
0.0,1.0,1.0,1.0,0.0,0.0,0.0,1.0,0.0,1.0,0.0,0.0,"E como sempre, para esta turma, quando ""eu"" faço é democracia, quando o ""outro"" faz é golpe... '"
0.0,0.0,1.0,1.0,0.0,0.0,0.0,0.0,0.0,0.0,1.0,0.0,Golpismo é aceitar ser presidenta e ser incompetenta.
0.0,0.0,0.0,1.0,0.0,0.0,0.0,0.0,0.0,0.0,1.0,0.0,Fico pensando se não é melhor que ela fique ofegando e ofegante até o término do mandato.
0.0,0.0,0.0,1.0,0.0,0.0,0.0,0.0,0.0,1.0,1.0,0.0,"É certo que iremos ainda sofrer muito, mas uma coisa é certa: O pt desaparece de vez."
0.0,0.0,0.0,1.0,0.0,0.0,0.0,0.0,0.0,0.0,0.0,0.0,Golpe foi dado em 26/10/2014.
0.0,0.0,0.0,1.0,0.0,0.0,0.0,0.0,1.0,1.0,0.0,0.0,mas vocês não notaram as inserções do partido mais corrupto do pais hoje nos canais de televisão aludindo que a democracia esta em perigo?
0.0,0.0,0.0,1.0,0.0,0.0,0.0,0.0,0.0,1.0,0.5,0.0,vao copiar o aprendiz de ditador no pais ao norte do brasil.
0.0,0.0,1.0,1.0,0.0,0.0,0.0,0.0,0.0,1.0,0.0,0.0,Essa senhora foi a pior coisa que aconteceu ao Brasil em todos os tempos.
0.0,0.0,0.0,1.0,0.0,0.0,0.0,0.0,0.0,0.0,0.5,0.0,"Depois dela, todas as portas para uma mulher foram fechadas."
0.0,0.0,1.0,1.0,0.0,0.0,0.0,0.0,0.0,1.0,0.0,0.0,"Senhores nenéns, procurem um colo para chorarem porque a Dilma renunciar já mais."
0.0,0.0,0.0,1.0,0.0,0.0,0.0,0.0,0.0,0.0,0.5,0.0,Vocês alienados conseguirem o golpe?
0.0,0.0,0.0,1.0,0.0,0.0,0.0,0.0,1.0,1.0,0.0,0.0,"Mais impossível ainda, chorem porque o tal do impeachment encheu tanto o pacote do povo, eu disse povo, que agora já era!"
0.0,0.0,0.0,1.0,0.0,0.0,0.0,0.0,0.0,0.0,0.5,0.0,"Você disse povo, com o desemprego em alta prepare-se para a próxima pesquisa."
0.0,0.0,0.0,0.0,0.0,0.0,0.0,0.0,0.0,0.0,0.5,0.0,Alienada.
0.0,0.0,0.0,0.0,0.0,0.0,0.0,1.0,0.0,1.0,0.5,0.0,"""já mais""?"
0.0,0.0,0.0,1.0,0.0,1.0,0.0,0.0,0.0,0.0,0.5,0.0,"Pelo amor de Deus, que erro crasso de português."
0.0,0.0,0.0,1.0,0.0,0.0,1.0,1.0,0.0,0.0,0.5,0.0,"E ainda se autointitula ""Professora"",,,"
0.0,0.0,0.0,1.0,0.0,0.0,0.0,0.0,0.0,0.0,1.0,0.0,É por essas que sua atitudes sempre retardatárias nunca surtem efeito e que está em total descrédito.
0.0,0.0,0.0,1.0,0.0,0.0,0.0,0.0,0.0,1.0,1.0,0.0,"Por generosidade e grandiosidade, renuncie.Ninguém a quer fora porque não gostam de você e sim pela sua incompetência e pouca inteligência."
0.0,0.0,0.0,0.0,0.0,0.0,0.0,0.0,0.0,0.0,0.5,0.0,Sua quinta coluna.
0.0,1.0,1.0,1.0,0.0,1.0,0.0,1.0,0.0,1.0,0.5,0.0,"Parte da classe média alienada e outra ""enrabichada"" com políticos, ficam loucos para derrubar a Dilma, mas o tal do impeachment já era, poucos ""manés"" foram a Paulista e Copacabana, fizeram papel de tolos.."
0.0,0.0,1.0,1.0,0.0,0.0,0.0,0.0,0.0,1.0,1.0,0.0,"Interessa mais ao povo brasileiro, eu disse povo, é ter um(a) presidente(a) honesta, e isso temos agora a Dilma."
0.0,0.0,0.0,1.0,0.0,0.0,0.0,0.0,0.0,0.0,0.5,0.0,"Reviraram sua vida e constaram que nada, nadinha de ilícito ela praticou."
0.0,0.0,0.0,1.0,0.0,1.0,0.0,0.0,0.0,0.0,1.0,0.0,"Dá uma olhada na ficha criminal dela na época da ditadura olha lá as passagens dela fez parte grupos armados contra a ditadura e participou de sequestros para trocar por presos da ditadura, fora os crimes do seu governo."
0.0,0.0,0.0,1.0,0.0,0.0,0.0,0.0,0.0,1.0,0.0,0.0,Votou errado agora sofra bando de alienados.
0.0,0.0,1.0,1.0,0.0,0.0,0.0,0.0,0.0,0.0,0.0,0.0,"De golpe a DILMA, LULA e o PT entendem!"
0.0,0.0,1.0,1.0,0.0,1.0,0.0,0.0,0.0,0.0,0.5,0.0,Estão dando GOLPE no BRASIL desde 2003!
0.0,0.0,1.0,1.0,0.0,0.0,0.0,0.0,0.0,1.0,0.5,0.0,"Em 2016 o Brasil será o segundo do mundo em queda do PIB, -3.6%,estimado pelo Banco Mundial, mas que chegará facilmente a -5%, só perderemos para , a Venezuela, -4%."
0.0,0.0,1.0,1.0,0.0,0.0,0.0,0.0,0.0,0.0,0.5,0.0,Argentina terá um crescimento do PIB 2.2%.
0.0,0.0,1.0,1.0,0.0,1.0,0.0,0.0,0.0,1.0,0.5,0.0,"De 2004 a 2014, o Brasil, foi o país que menos cresceu nas Américas."
0.0,0.0,1.0,1.0,0.0,0.0,0.0,0.0,0.0,1.0,0.5,0.0,"o PARAGUAI cresceu 5 vezes mais, o Peru 5 vezes."
0.0,0.0,0.0,0.0,0.0,0.0,0.0,0.0,0.0,0.0,0.5,0.0,Isso sim é golpe.
0.0,0.0,1.0,1.0,0.0,1.0,0.0,0.0,0.0,0.0,0.5,0.0,"Hoje para pegar empréstimo o BRASIL pagaria 6,22% aa, o PERU 3,20% aa"
0.0,0.0,0.0,0.0,0.0,0.0,0.0,0.0,0.0,0.0,0.0,0.0,Golpe!
0.0,0.0,1.0,1.0,0.0,0.0,0.0,0.0,0.0,0.0,0.0,0.0,"Aliás, golpe de mestre é o que vc fez na casa do ex governador Ademar de Barros."
0.0,0.0,1.0,1.0,0.0,1.0,0.0,0.0,0.0,0.0,1.0,0.0,"Quando foi levantada suspeita sobre o ministro chefe da casa civil do Itamar franco, este afastou-o do governo até que tudo fosse apurado. passado o tempo nada pesou sobre Eduardo Hargreaves e o assunto acabou bem."
0.0,0.0,1.0,1.0,0.0,0.0,0.0,0.0,0.0,0.0,0.5,0.0,"Hoje são fortes as suspeitas sobre o ministro Jaques Wagner e o seu relacionamento com o empresário arrolado na lava jato, a reação da presidente Dilma é blinda-lo."
0.0,0.0,1.0,1.0,0.0,0.0,0.0,0.0,0.0,0.0,1.0,0.0,Enorme diferenças moral e ética entre Dilma e Itamar.
0.0,0.0,1.0,1.0,0.0,0.0,0.0,0.0,0.0,0.0,1.0,0.0,Sra. presidente se tem sentimento por favor renuncie já.
0.0,0.0,0.0,1.0,0.0,0.0,0.0,0.0,0.0,1.0,0.5,0.0,"Sendo urgente necessita de uma ação rápida e corajosa pois com o aumento do desemprego elevando o deficit colossal existente, vai quebrar sem dinheiro para pagar os aposentados."
0.0,0.0,0.0,1.0,0.0,0.0,0.0,0.0,0.0,0.0,0.0,0.0,A demagogia impede de se atacar esse sério problema colocando ordem na casa.
0.0,0.0,0.0,1.0,0.0,0.0,0.0,0.0,0.0,0.0,0.5,0.0,Isso parece não interessar ao Governo.
0.0,0.0,0.0,1.0,0.0,0.0,0.0,0.0,0.0,1.0,0.0,0.0,Mas dai pergunto: e se essa candidata escondeu tudo de ruim e mentiu para seus eleitores?
0.0,0.0,0.0,0.0,0.0,0.0,0.0,0.0,0.0,0.0,0.5,0.0,Isso não é motivo?
0.0,0.0,0.0,1.0,0.0,0.0,0.0,0.0,0.0,0.0,0.5,0.0,Mentir e jogar tudo para debaixo do tapete pode?
0.0,1.0,1.0,1.0,0.0,0.0,0.0,0.0,0.0,0.0,0.5,0.0,Então senhores caloteiros...ao prometer que vai pagar quando pegar um dindin emprestado e não pagar não é crime!
0.0,0.0,0.0,1.0,0.0,0.0,0.0,0.0,0.0,0.0,0.5,0.0,Ou é?
0.0,1.0,1.0,1.0,0.0,0.0,0.0,0.0,0.0,0.0,0.0,0.0,Vixe...me confundi todo!
0.0,1.0,1.0,1.0,0.0,0.0,1.0,0.0,0.0,0.0,1.0,0.0,Golpe é mentir o tempo todo para acobertar a verdade que o povão não pode saber desse projeto criminoso de poder desse governo PTistacomunista!!
0.0,0.0,0.0,1.0,0.0,0.0,0.0,0.0,0.0,1.0,1.0,0.0,A questão nao e gostar mas sim competência
0.0,0.0,1.0,1.0,0.0,0.0,0.0,0.0,0.0,1.0,0.0,0.0,"Não é por baixa popularidade , é por Pasadena e outras coisas mais."
0.0,0.0,0.0,1.0,0.0,1.0,0.0,0.0,0.0,1.0,0.0,0.0,O desgoverno tá mais perdido que cachorro que caiu de caminhão de mudança.
1.0,0.0,1.0,1.0,0.0,0.0,1.0,0.0,1.0,0.0,1.0,0.0,"Sinceramente, a coisa tá muito feia, não há nenhum sinal que mostre que este desgoverno consiga fazer algo de bom pro país, não tem nada a não ser meter as mãos sujas nos bolsos da população, o resto é só blá blá pra ver como vai ficar, tá tudo dominado perla companheirada mamando nas tetas, eles não querem largar a mamata, tá na cara, só não enxerga quem não quer: o Brasil tá no fumo."
0.0,1.0,1.0,1.0,0.0,0.0,0.0,0.0,0.0,1.0,0.0,0.0,"Golpe mesmo foi aquele dado em todos os acionistas minoritários de empresas estatais, sobretudo aquele golpe de mestre da maior capitalização do mundo...."
0.0,1.0,1.0,1.0,0.0,0.0,0.0,0.0,0.0,0.0,1.0,0.0,Ela bebe e deve ser muito...!
0.0,1.0,0.0,1.0,0.0,0.0,1.0,0.0,0.0,0.0,0.5,0.0,- Alguém conhece algum destes que estão no governo e que saiba trabalhar??
0.0,0.0,0.0,1.0,0.0,0.0,0.0,0.0,0.0,0.0,0.5,0.0,"É hora de trabalhar, o Governo deve fazer a sua parte, reduzindo cargos de confiança, fazendo uma administração transparente, ética, gerindo os recursos públicos com eficiência e eficácia."
0.0,0.0,0.0,1.0,0.0,1.0,0.0,0.0,0.0,1.0,1.0,0.0,"Propondo as reformas necessárias (política, tributária, desburocratizando e facilitando o empreendedorismo)."
0.0,0.0,0.0,1.0,0.0,0.0,0.0,0.0,0.0,0.0,1.0,0.0,"A previdência antes de ser reformada tem que ser auditada, com certeza teremos pensões pagas indevidamente e aposentadoria por invalidez inaptas."
0.0,0.0,0.0,1.0,0.0,0.0,0.0,0.0,1.0,1.0,0.5,0.0,E o mais importante destravar a economia baixando juro
0.0,0.0,0.0,1.0,0.0,0.0,0.0,0.0,0.0,0.0,1.0,0.0,Claro que não.
0.0,0.0,0.0,1.0,0.0,0.0,0.0,0.0,0.0,1.0,1.0,0.0,"Tira-se um presidente quando não confiamos mais nele, nem como chefe de Estado, nem como gente."
0.0,0.0,0.0,1.0,0.0,0.0,0.0,0.0,0.0,0.0,0.0,0.0,Alguém manda essa incompetente e ladra para a guilhotina!
0.0,0.0,0.0,1.0,0.0,0.0,0.0,0.0,0.0,0.0,0.5,0.0,Golpe é segurar tarifas e pedalar para reeleger-se.
0.0,0.0,1.0,1.0,0.0,0.0,0.0,0.0,0.0,0.0,0.5,0.0,Aparelhar o Estado para anular o efeito das investigações.
0.0,0.0,0.0,1.0,0.0,0.0,0.0,0.0,0.0,0.0,1.0,0.0,proteger os responsáveis pelos desvios.
0.0,0.0,0.0,1.0,0.0,0.0,0.0,0.0,0.0,0.0,0.0,0.0,não assumir a responsabilidade do cargo.
0.0,0.0,0.0,1.0,0.0,0.0,0.0,0.0,1.0,1.0,0.5,0.0,fazer acordos com ditadores comunistas de países mais pobres para financiar obras com recursos públicos.
0.0,0.0,0.0,1.0,0.0,1.0,0.0,0.0,0.0,0.0,0.5,0.0,lavar dinheiro da corrupção.
0.0,0.0,0.0,1.0,0.0,1.0,0.0,0.0,0.0,0.0,1.0,0.0,jogar país na recessão e continuar no poder.
0.0,0.0,1.0,1.0,0.0,0.0,0.0,0.0,0.0,1.0,1.0,0.0,"A questão não é simpatizar ou não com ela, é simplesmente uma tentativa de salvar o Brasil."
0.0,1.0,0.0,1.0,0.0,0.0,0.0,0.0,0.0,1.0,1.0,0.0,"Vários ex presidentes e muitos politicos conseguiram aposentadorias por volta dos quarenta e poucos anos e nós agora temos que pagar o pato ,trabalhando por mais tempo e conseguindo uma minguada aposentadoria no futuro.."
0.0,0.0,0.0,1.0,0.0,0.0,0.0,0.0,0.0,1.0,0.5,0.0,"Então que se retire a aposentadoria deles todos, que costumam ter diversas acumuladas entre si e parentes deles, que sempre estiveram nas tetas do governo."
0.0,0.0,0.0,1.0,0.0,0.0,0.0,0.0,0.0,1.0,0.0,0.0,"Essa sabe irritar, esse discurso de golpistas nada mas é para tirar saro."
0.0,0.0,0.0,1.0,0.0,0.0,0.0,0.0,0.0,0.0,0.5,0.0,Amargaremos marasmo econômico até quando por conta de querelas políticas dessa elite gananciosa e corrupta?
0.0,0.0,1.0,1.0,0.0,0.0,0.0,0.0,0.0,0.0,1.0,0.0,Onde as opções de poder(judiciário-stf) da República para preencher esse vácuo de Poder prejudicial á Nação e indicar consulta popular?
0.0,0.0,0.0,1.0,0.0,0.0,0.0,1.0,0.0,1.0,0.5,0.0,"Pobre Nação, pobres de nós do andar de baixo que sofremos e não nos manifestamos geral e genuinamente apontando e exigindo saída, apenas nos deixamos conduzir por falsos líderes que mais defendem os ""no poder"" que os ""dependentes do poder""."
0.0,0.0,0.0,1.0,0.0,0.0,0.0,0.0,0.0,0.0,0.0,0.0,Dá asco ouvir essa senhora justificar seu mandato e permanecer na presidência.
0.0,1.0,1.0,0.0,0.0,0.0,0.0,0.0,0.0,0.0,1.0,0.0,É verdade...
0.0,1.0,1.0,1.0,0.0,0.0,0.0,0.0,0.0,0.0,0.0,0.0,"A gente além de não gostar da Dilma, detesta, tem raiva, abomina, etc..."
0.0,0.0,0.0,1.0,0.0,0.0,0.0,0.0,0.0,1.0,0.0,0.0,"Todos os meus subordinados são corruptos, eu não."
0.0,0.0,1.0,1.0,0.0,0.0,0.0,0.0,0.0,0.0,0.5,0.0,Conversinha mole e fiada e assim dona Dilma se faz de alienada diante dos fatos políticos do país.
0.0,0.0,1.0,0.0,0.0,0.0,0.0,0.0,0.0,0.0,0.5,0.0,Falaste por mim eduardo
0.0,0.0,0.0,1.0,0.0,0.0,0.0,0.0,0.0,1.0,1.0,0.0,Como se tudo o que ela fez de ilegal não é considerado muito mais que golpista.
0.0,0.0,0.0,1.0,0.0,1.0,0.0,0.0,0.0,0.0,0.5,0.0,A falta de vergonha na cara destas pessoas é humilhante.
0.0,0.0,0.0,0.0,0.0,0.0,0.0,0.0,0.0,0.0,0.5,0.0,É isso aí!
0.0,0.0,0.0,1.0,0.0,0.0,0.0,0.0,0.0,0.0,0.0,0.0,Assino em baixo.
0.0,0.0,1.0,0.0,0.0,0.0,0.0,0.0,0.0,0.0,1.0,0.0,"Parabéns, caro Eduardo!"
0.0,0.0,0.0,0.0,0.0,0.0,0.0,0.0,0.0,0.0,1.0,0.0,Conceituastes muitíssimo bem!
0.0,0.0,0.0,1.0,0.0,0.0,0.0,0.0,0.0,0.0,1.0,0.0,Eu gostaria de me lembrar onde e quando foi que eu ouvi essa frase.
0.0,0.0,0.0,1.0,0.0,0.0,0.0,0.0,0.0,1.0,0.5,0.0,Faça um plebiscito e verá o que a população pensa de você agora.
0.0,0.0,1.0,1.0,0.0,0.0,0.0,0.0,0.0,0.0,0.0,0.0,Você enganou o povo Brasileiro.
0.0,0.0,0.0,1.0,0.0,0.0,0.0,0.0,0.0,0.0,0.0,0.0,Mentiu na campanha.
0.0,0.0,0.0,1.0,0.0,0.0,0.0,0.0,0.0,1.0,0.5,0.0,"Estou sofrendo, mas em paz com minha consciência porque NÃO VOTEI EM VOCÊ."
0.0,0.0,0.0,0.0,0.0,0.0,0.0,0.0,0.0,0.0,0.5,0.0,Nossa!
0.0,1.0,1.0,1.0,0.0,0.0,0.0,0.0,0.0,0.0,0.5,0.0,Onde estava quando ocorreu o desastre ambiental de Mariana?!
0.0,0.0,0.0,1.0,0.0,0.0,0.0,0.0,0.0,0.0,0.5,0.0,Nada de novo que se possa acrescentar.
0.0,0.0,0.0,1.0,0.0,0.0,0.0,0.0,0.0,0.0,1.0,0.0,"Ela nunca teve liderança alguma, tendo sido usada pelo seu criador para proveito pessoal."
0.0,0.0,0.0,1.0,0.0,0.0,0.0,0.0,0.0,0.0,0.0,0.0,É cúmplice ao permitir que alguns saqueassem o país sem nada fazer para impedir o desmonte da economia .
0.0,1.0,1.0,1.0,0.0,0.0,0.0,0.0,0.0,1.0,1.0,0.0,"Liderança é coisa séria... a Marina deveria se preocupar em explicar o porque de ter apoiado no 2° turno um candidato citado duas vezes pelos delatores da lava jato como beneficiário de propinas na petrobrás e em Furnas... que não é investigado... deveria explicar as acusações também da lava jato sobre EC, seu candidato a presidencia...."
0.0,0.0,0.0,1.0,0.0,0.0,0.0,0.0,0.0,1.0,0.0,0.0,Deveria no mínimo pedir a lava jato para todos os partidos antes que venham as novas eleições e o brasileiro se veja obrigado a escolher um candidato não inves
0.0,1.0,0.0,1.0,0.0,1.0,0.0,0.0,0.0,0.0,0.5,0.0,O que o ressentimento não faz com a pessoal?!
0.0,0.0,1.0,1.0,0.0,0.0,0.0,0.0,0.0,0.0,0.5,0.0,E isso a Dilma não é.
0.0,0.0,0.0,1.0,0.0,0.0,0.0,0.0,0.0,1.0,1.0,0.0,Mas temos de reconhecer que desta vez mostrou discernimento ao fazer uma boa síntese da situação.
0.0,0.0,0.0,1.0,0.0,1.0,0.0,0.0,0.0,0.0,0.0,0.0,Para mim ela só demonstrou ressentimento e inveja.
0.0,0.0,1.0,1.0,0.0,0.0,0.0,0.0,0.0,0.0,0.0,0.0,O problema se chama: Foro de São Paulo.
0.0,0.0,0.0,1.0,0.0,0.0,0.0,0.0,0.0,0.0,0.5,0.0,Qual a posição desta senhora sobre esta organização?
0.0,0.0,0.0,0.0,0.0,0.0,0.0,0.0,0.0,0.0,0.5,0.0,Nunca teve!
0.0,1.0,1.0,0.0,0.0,1.0,0.0,0.0,0.0,0.0,0.5,0.0,Humm...
0.0,0.0,0.0,0.0,0.0,0.0,0.0,0.0,0.0,0.0,0.5,0.0,Nunca teve.
0.0,0.0,0.0,1.0,0.0,1.0,0.0,0.0,0.0,0.0,0.5,0.0,"Engano seu, quem manda no congresso há muito tempo é o cunha."
0.0,0.0,0.0,1.0,0.0,0.0,0.0,0.0,0.0,0.0,0.5,0.0,Saiu das sombras para tentar defender a quadrilha e se deu mal.
0.0,1.0,1.0,0.0,0.0,0.0,0.0,0.0,0.0,0.0,0.5,0.0,Complicada ....
0.0,0.0,1.0,1.0,0.0,0.0,0.0,0.0,0.0,0.0,0.5,0.0,lé com cré ou não conhece as leis .
0.0,1.0,1.0,1.0,0.0,0.0,0.0,0.0,0.0,0.0,1.0,0.0,"- Vamos pesquisar as biografias e ver o que estes tais fazem de natureza prática, o que trabalham e o que produzem positivamente para a nação..."
0.0,1.0,1.0,1.0,0.0,0.0,0.0,0.0,0.0,0.0,1.0,0.0,se é que sabem trabalhar e se é que já produziram algo positivo..(...)
0.0,0.0,0.0,1.0,0.0,0.0,0.0,0.0,0.0,0.0,1.0,0.0,Não tem nada a ver caro leitor.
0.0,0.0,0.0,1.0,0.0,0.0,0.0,0.0,0.0,1.0,0.0,0.0,"O seu Cunha sabe trabalhar, é trabalhador, mas trabalha só para o mal, contribui para o país?"
0.0,0.0,0.0,1.0,0.0,0.0,0.0,0.0,0.0,0.0,0.5,0.0,Ou somente se aproveita ?
0.0,0.0,0.0,0.0,0.0,0.0,0.0,0.0,0.0,0.0,0.5,0.0,Retrógrada é ela mesmo.
0.0,0.0,0.0,1.0,0.0,0.0,0.0,0.0,0.0,0.0,0.5,0.0,Essa mulher ainda é ouvida!
0.0,1.0,0.0,0.0,0.0,0.0,1.0,0.0,0.0,0.0,0.5,0.0,Ah!!
0.0,1.0,0.0,0.0,0.0,0.0,1.0,0.0,0.0,0.0,0.5,0.0,Tem paciência!!!
0.0,0.0,0.0,1.0,0.0,0.0,0.0,0.0,0.0,1.0,1.0,0.0,"Esta aí é fã de ditadores, não existe nada mais retrógrado do que apoiar ditaduras."
0.0,0.0,0.0,1.0,0.0,0.0,0.0,0.0,0.0,0.0,1.0,0.0,"Num governo parlamentarista, isto seria facilmente resolvido."
0.0,0.0,0.0,1.0,0.0,1.0,0.0,0.0,0.0,0.0,1.0,0.0,Bastaria o congresso destituir o atual e nomear outro presidente.
0.0,0.0,0.0,0.0,0.0,0.0,0.0,0.0,0.0,0.0,0.5,0.0,Parlamentarismo já
0.0,0.0,1.0,1.0,0.0,0.0,0.0,0.0,0.0,0.0,1.0,0.0,1 - O que a filha achou do Governo do pai no pobre Rio Grande do Sul.
0.0,0.0,1.0,1.0,0.0,0.0,0.0,0.0,0.0,0.0,0.5,0.0,2 - O que acha dos governos bolivarianos na América Latina.
0.0,0.0,1.0,1.0,0.0,0.0,0.0,0.0,0.0,0.0,0.0,0.0,Pior que governo do Sartori ninguem.
0.0,0.0,1.0,1.0,0.0,0.0,0.0,0.0,0.0,0.0,0.0,0.0,"Sabemos que o Cunha, Renan e Temer são cumplices desse governo."
0.0,0.0,1.0,1.0,0.0,0.0,0.0,0.0,0.0,1.0,0.0,0.0,Agora o que me espanta é que a Luciana não menciona nunca as culpas que envolvem o PT e o Lula.
0.0,0.0,0.0,1.0,0.0,0.0,0.0,0.0,0.0,0.0,0.5,0.0,Duas perguntas que o entrevistador poderia ter perguntado:
0.0,0.0,1.0,1.0,0.0,0.0,0.0,0.0,0.0,0.0,1.0,0.0,o que a Luciana achou do governo do seu pai no Rio Grande do Sul?
0.0,0.0,1.0,1.0,0.0,0.0,0.0,0.0,0.0,0.0,0.5,0.0,"O que ela acha dos governos Bolivarianos na América do Sul tais como, Venezuela, Argentina, Equador, etc."
0.0,0.0,1.0,1.0,0.0,0.0,0.0,0.0,1.0,0.0,1.0,0.0,"À semelhança de Marina Silva (seus partidos ainda unir-se-ão) proferiu posicionamentos tolos, insípidos (esperados, porém) diante da desastrosa governança brasileira, já tão rica em indigência de ideias."
0.0,0.0,0.0,0.0,0.0,0.0,0.0,0.0,0.0,0.0,0.5,0.0,"Reacionários, pois!"
0.0,0.0,0.0,1.0,0.0,0.0,0.0,0.0,1.0,0.0,1.0,0.0,Muito lúcida essa moça.
0.0,0.0,0.0,1.0,0.0,0.0,0.0,0.0,1.0,0.0,0.5,0.0,"É pena que defenda um socialismo utópico, não científico."
0.0,0.0,0.0,1.0,0.0,0.0,0.0,0.0,0.0,1.0,0.5,0.0,"Mas pelas manifestações dos Kochinhas, aqui, e de outros fascistas, ela merece todo apoio."
1.0,1.0,0.0,0.0,0.0,0.0,1.0,0.0,0.0,0.0,0.5,0.0,Comunista bom é comunista morto!!!
0.0,0.0,1.0,1.0,0.0,0.0,0.0,0.0,0.0,0.0,0.5,0.0,"Quem curte, Venezuela e Cuba, não tem moral para falar de democracia."
0.0,0.0,0.0,1.0,0.0,1.0,0.0,0.0,0.0,0.0,1.0,0.0,O cinismo leva pessoas a apoiar ditadores se fazerem de democratas.
0.0,0.0,0.0,1.0,0.0,0.0,0.0,0.0,0.0,0.0,0.5,0.0,De qual tipo você esta falando?
0.0,0.0,1.0,1.0,0.0,0.0,0.0,0.0,0.0,0.0,0.5,0.0,Vá ver nos EUA se a população se sente em um regime opressor.
0.0,0.0,1.0,1.0,0.0,0.0,0.0,0.0,1.0,1.0,0.5,0.0,"Cuba e Venezuela são mais democráticas que os EUA, fique sabendo."
0.0,1.0,1.0,1.0,0.0,0.0,1.0,0.0,0.0,0.0,1.0,0.0,"Coitada de Porto Alegre, que consiga escapar desta política!!!"
0.0,0.0,1.0,1.0,0.0,0.0,0.0,0.0,0.0,0.0,1.0,0.0,"Coitada de Sao Paulo que nao conseguiu escapar dos Maluf, Marin, etc, isso sim!"
0.0,0.0,1.0,1.0,0.0,0.0,1.0,0.0,0.0,1.0,1.0,0.0,"Olha, eu não concordo com tudo o que ela falou, mas adorei a frase . . . com o Congresso nacional presidido por um bandido, como Eduardo Cunha. . ."
0.0,0.0,1.0,1.0,0.0,0.0,0.0,0.0,0.0,1.0,1.0,0.0,"Luciana Genro é a cara do atraso, defende ditaduras e idolatra ditadores assassinos, ela e seu papai que quebrou o Rio Grande do Sul falam de pobreza, mas adoram uma vida cheia luxo, nababesca, representam a podridão e a alienação raivosa que está levando o país ao caos."
1.0,0.0,0.0,1.0,0.0,1.0,0.0,0.0,0.0,1.0,0.5,0.0,"Ótima entrevista, o que se observa pela quantidade de comentários raivosos: centra-se na pessoa e ignora-se as idéias defendidas, as quais, vejam só, partem do bom senso, mas que contrariam interesses de grupos poderosos e da ideologia dominante."
0.0,0.0,0.0,1.0,0.0,0.0,0.0,0.0,0.0,0.0,0.5,0.0,Quais ideias?
0.0,0.0,0.0,1.0,0.0,1.0,0.0,0.0,0.0,0.0,1.0,0.0,Quem não tem capacidade de discutir ideias discute pessoas.
0.0,0.0,1.0,1.0,0.0,1.0,0.0,0.0,0.0,0.0,0.5,0.0,Ó na carruagem do ritmo de candidata Mainha do BR.
0.0,0.0,0.0,1.0,0.0,0.0,0.0,0.0,0.0,0.0,0.5,0.0,* OBS. Repito.
0.0,0.0,1.0,1.0,0.0,0.0,1.0,0.0,0.0,0.0,0.5,0.0,Se essa galera do desgov.br ( toda galera incluídos mestres ) trabalhasse numa estatal chinesa pegaria Prisão ## Perpétua ##
0.0,0.0,0.0,0.0,0.0,0.0,0.0,0.0,0.0,0.0,1.0,0.0,É verdade.
0.0,0.0,1.0,1.0,0.0,0.0,0.0,0.0,0.0,0.0,0.5,0.0,Retroagiu ao tempo em que os mesmos juristas que condenam o impeachment hoje forma signatários de uma solicitação de impeachment contra FHC.
